sample_id,is_inlier_max_diff,group_id,score,is_inlier_1,is_inlier_5,is_inlier_10,is_inlier_15,is_inlier_20,is_inlier_25,is_inlier_30
Plate01_2012-06-11_88,False,gi-765,15.770925214334252,True,True,True,False,False,False,False
Plate01_2012-06-11_89,False,gi-766,15.499378589137109,True,True,True,True,False,False,False
Plate01_2012-06-11_90,True,gi-766,14.314569267227295,True,True,True,True,True,True,True
Plate01_2012-06-11_91,True,gi-766,11.782658621100584,True,True,True,True,True,True,True
Plate01_2012-06-11_92,True,gi-766,12.068146026123348,True,True,True,True,True,True,True
Plate01_2012-06-11_93,False,gi-766,17.387985028312638,True,True,False,False,False,False,False
Plate01_2012-06-11_94,True,gi-766,12.029997958918157,True,True,True,True,True,True,True
Plate01_2012-06-11_96,True,gi-766,14.72757549960102,True,True,True,True,True,True,False
Plate01_2012-06-11_97,True,gi-766,10.573897751740857,True,True,True,True,True,True,True
Plate01_2012-06-11_98,True,gi-766,13.4489604609777,True,True,True,True,True,True,True
Plate01_2012-06-11_99,True,gi-766,11.566181773729188,True,True,True,True,True,True,True
Plate01_2012-06-11_311,True,gi-766,14.290004521987829,True,True,True,True,True,True,True
Plate01_2012-06-11_312,True,gi-766,13.914542191307014,True,True,True,True,True,True,True
Plate01_2012-06-11_313,True,gi-766,14.64090375721195,True,True,True,True,True,True,False
Plate01_2012-06-11_314,True,gi-766,10.936477925182105,True,True,True,True,True,True,True
Plate01_2012-06-11_315,False,gi-766,17.14615023482694,True,True,False,False,False,False,False
Plate01_2012-06-11_537,True,gi-766,11.64270839098421,True,True,True,True,True,True,True
Plate01_2012-06-11_538,True,gi-766,13.709911948499188,True,True,True,True,True,True,True
Plate01_2012-06-11_540,True,gi-766,13.082513157906225,True,True,True,True,True,True,True
Plate01_2012-06-11_541,True,gi-766,14.079538852627689,True,True,True,True,True,True,True
Plate01_2012-06-11_542,True,gi-766,11.943592972951791,True,True,True,True,True,True,True
Plate01_2012-06-11_543,True,gi-766,11.768945022546518,True,True,True,True,True,True,True
Plate01_2012-06-11_544,True,gi-766,14.551947396688128,True,True,True,True,True,True,False
Plate01_2012-06-11_545,True,gi-766,13.552494356921795,True,True,True,True,True,True,True
Plate01_2012-06-11_285,True,gi-780,11.738946699899111,True,True,True,True,True,True,True
Plate01_2012-06-11_286,True,gi-780,12.200874389474613,True,True,True,True,True,True,True
Plate01_2012-06-11_287,True,gi-780,13.49741309627413,True,True,True,True,True,True,True
Plate01_2012-06-11_288,True,gi-780,15.09506625913654,True,True,True,True,True,False,False
Plate01_2012-06-11_289,False,gi-780,20.273522206510375,True,False,False,False,False,False,False
Plate01_2012-06-11_290,True,gi-780,13.732109606981021,True,True,True,True,True,True,True
Plate01_2012-06-11_291,True,gi-780,12.883169477956217,True,True,True,True,True,True,True
Plate01_2012-06-11_292,True,gi-780,15.04282968775479,True,True,True,True,True,False,False
Plate01_2012-06-11_293,True,gi-780,10.535295788627105,True,True,True,True,True,True,True
Plate01_2012-06-11_294,True,gi-780,10.319024305784062,True,True,True,True,True,True,True
Plate01_2012-06-11_295,True,gi-780,10.695942504366474,True,True,True,True,True,True,True
Plate01_2012-06-11_296,True,gi-780,12.358780736359538,True,True,True,True,True,True,True
Plate01_2012-06-11_297,True,gi-780,15.253750017110423,True,True,True,True,False,False,False
Plate01_2012-06-11_298,True,gi-780,13.967454516688502,True,True,True,True,True,True,True
Plate01_2012-06-11_299,True,gi-780,12.91565431890003,True,True,True,True,True,True,True
Plate01_2012-06-11_300,True,gi-780,16.053647053000898,True,True,True,False,False,False,False
Plate01_2012-06-11_301,True,gi-780,10.757376848233976,True,True,True,True,True,True,True
Plate01_2012-06-11_302,True,gi-780,11.2034907472699,True,True,True,True,True,True,True
Plate01_2012-06-11_303,True,gi-780,11.727482080517476,True,True,True,True,True,True,True
Plate01_2012-06-11_304,True,gi-780,12.992357242553288,True,True,True,True,True,True,True
Plate01_2012-06-11_305,True,gi-780,12.744803948101385,True,True,True,True,True,True,True
Plate01_2012-06-11_306,True,gi-780,14.173666144124827,True,True,True,True,True,True,True
Plate01_2012-06-11_307,True,gi-780,12.623831161795717,True,True,True,True,True,True,True
Plate01_2012-06-11_308,True,gi-780,12.80195065226642,True,True,True,True,True,True,True
Plate01_2012-06-11_309,True,gi-780,15.496056631732397,True,True,True,True,False,False,False
Plate01_2012-06-11_310,True,gi-780,12.212089807740139,True,True,True,True,True,True,True
Plate01_2012-06-11_517,True,gi-780,13.917105652513833,True,True,True,True,True,True,True
Plate01_2012-06-11_518,True,gi-780,12.539052714148447,True,True,True,True,True,True,True
Plate01_2012-06-11_520,True,gi-780,11.20848947657775,True,True,True,True,True,True,True
Plate01_2012-06-11_521,True,gi-780,13.57099531829801,True,True,True,True,True,True,True
Plate01_2012-06-11_522,True,gi-780,11.71075502321504,True,True,True,True,True,True,True
Plate01_2012-06-11_523,False,gi-780,17.53354688508148,True,False,False,False,False,False,False
Plate01_2012-06-11_524,False,gi-780,17.65133393687413,True,False,False,False,False,False,False
Plate01_2012-06-11_525,True,gi-780,14.067397937394627,True,True,True,True,True,True,True
Plate01_2012-06-11_526,True,gi-780,11.485861323287942,True,True,True,True,True,True,True
Plate01_2012-06-11_527,True,gi-780,12.76156212237253,True,True,True,True,True,True,True
Plate01_2012-06-11_528,True,gi-780,11.474088659963778,True,True,True,True,True,True,True
Plate01_2012-06-11_529,True,gi-780,14.218991813141216,True,True,True,True,True,True,True
Plate01_2012-06-11_530,True,gi-780,14.641293251860361,True,True,True,True,True,True,False
Plate01_2012-06-11_531,True,gi-780,11.398662481745822,True,True,True,True,True,True,True
Plate01_2012-06-11_532,True,gi-780,12.655728005316758,True,True,True,True,True,True,True
Plate01_2012-06-11_533,True,gi-780,15.218052450998394,True,True,True,True,True,False,False
Plate01_2012-06-11_534,True,gi-780,15.399171493374679,True,True,True,True,False,False,False
Plate01_2012-06-11_535,True,gi-780,14.80390667419231,True,True,True,True,True,True,False
Plate01_2012-06-11_536,True,gi-780,16.201921717163202,True,True,True,False,False,False,False
Plate01_2012-06-11_769,False,gi-782,15.176090266523223,True,True,True,True,True,False,False
Plate01_2012-06-11_770,False,gi-782,15.438539892437142,True,True,True,True,False,False,False
Plate01_2012-06-11_771,True,gi-782,14.938741054154697,True,True,True,True,True,False,False
Plate01_2012-06-11_772,False,gi-782,17.464086100594447,True,True,False,False,False,False,False
Plate01_2012-06-11_773,True,gi-782,14.432453047221816,True,True,True,True,True,True,True
Plate01_2012-06-11_774,False,gi-782,18.752703528140312,True,False,False,False,False,False,False
Plate01_2012-06-11_775,True,gi-782,13.105240556160807,True,True,True,True,True,True,True
Plate01_2012-06-11_776,True,gi-782,14.210426585934556,True,True,True,True,True,True,True
Plate01_2012-06-11_957,True,gi-782,13.299879819669712,True,True,True,True,True,True,True
Plate01_2012-06-11_959,True,gi-782,14.7984115100501,True,True,True,True,True,True,False
Plate01_2012-06-11_960,True,gi-782,13.62881247609381,True,True,True,True,True,True,True
Plate01_2012-06-11_961,False,gi-782,20.475920612273878,False,False,False,False,False,False,False
Plate01_2012-06-11_1111,False,gi-782,15.61123575348034,True,True,True,False,False,False,False
Plate01_2012-06-11_1112,False,gi-782,15.1395240831149,True,True,True,True,True,False,False
Plate01_2012-06-11_1113,True,gi-782,14.888655840358684,True,True,True,True,True,False,False
Plate01_2012-06-11_1114,False,gi-782,16.853744955603457,True,True,False,False,False,False,False
Plate01_2012-06-11_1115,True,gi-782,14.890089500357758,True,True,True,True,True,False,False
Plate01_2012-06-11_932,True,gi-795,11.763868588522277,True,True,True,True,True,True,True
Plate01_2012-06-11_933,True,gi-795,12.010035633160374,True,True,True,True,True,True,True
Plate01_2012-06-11_934,True,gi-795,11.855014194906563,True,True,True,True,True,True,True
Plate01_2012-06-11_935,True,gi-795,10.883021851184076,True,True,True,True,True,True,True
Plate01_2012-06-11_936,True,gi-795,12.469026447930435,True,True,True,True,True,True,True
Plate01_2012-06-11_937,True,gi-795,13.182718172954193,True,True,True,True,True,True,True
Plate01_2012-06-11_938,True,gi-795,13.009292440856273,True,True,True,True,True,True,True
Plate01_2012-06-11_939,True,gi-795,12.63615383102852,True,True,True,True,True,True,True
Plate01_2012-06-11_940,True,gi-795,17.275232196327323,True,True,False,False,False,False,False
Plate01_2012-06-11_941,True,gi-795,12.963944957890591,True,True,True,True,True,True,True
Plate01_2012-06-11_942,True,gi-795,10.810297001537855,True,True,True,True,True,True,True
Plate01_2012-06-11_943,False,gi-795,24.77003989008002,False,False,False,False,False,False,False
Plate01_2012-06-11_944,True,gi-795,10.833145134091808,True,True,True,True,True,True,True
Plate01_2012-06-11_945,True,gi-795,18.552862955867184,True,False,False,False,False,False,False
Plate01_2012-06-11_946,True,gi-795,15.373747150515042,True,True,True,True,False,False,False
Plate01_2012-06-11_947,True,gi-795,11.789048489607785,True,True,True,True,True,True,True
Plate01_2012-06-11_948,True,gi-795,12.175157490892895,True,True,True,True,True,True,True
Plate01_2012-06-11_949,True,gi-795,12.33731065357469,True,True,True,True,True,True,True
Plate01_2012-06-11_950,True,gi-795,11.238975554367059,True,True,True,True,True,True,True
Plate01_2012-06-11_951,True,gi-795,13.213597898280986,True,True,True,True,True,True,True
Plate01_2012-06-11_952,True,gi-795,15.532008354275735,True,True,True,False,False,False,False
Plate01_2012-06-11_953,True,gi-795,11.34389449728549,True,True,True,True,True,True,True
Plate01_2012-06-11_954,True,gi-795,13.162621845914174,True,True,True,True,True,True,True
Plate01_2012-06-11_955,True,gi-795,11.744711742833092,True,True,True,True,True,True,True
Plate01_2012-06-11_956,True,gi-795,16.47795450116116,True,True,False,False,False,False,False
Plate01_2012-06-11_1090,True,gi-795,11.235812426114185,True,True,True,True,True,True,True
Plate01_2012-06-11_1091,True,gi-795,11.210212718800827,True,True,True,True,True,True,True
Plate01_2012-06-11_1092,True,gi-795,12.379345812362908,True,True,True,True,True,True,True
Plate01_2012-06-11_1093,True,gi-795,12.648018132311917,True,True,True,True,True,True,True
Plate01_2012-06-11_1094,True,gi-795,12.105849744650412,True,True,True,True,True,True,True
Plate01_2012-06-11_1095,True,gi-795,12.183705247239793,True,True,True,True,True,True,True
Plate01_2012-06-11_1096,True,gi-795,11.129224061600873,True,True,True,True,True,True,True
Plate01_2012-06-11_1097,True,gi-795,15.226595640316715,True,True,True,True,False,False,False
Plate01_2012-06-11_1098,True,gi-795,13.671649506726448,True,True,True,True,True,True,True
Plate01_2012-06-11_1099,True,gi-795,12.836512847405118,True,True,True,True,True,True,True
Plate01_2012-06-11_1100,True,gi-795,11.030598643832489,True,True,True,True,True,True,True
Plate01_2012-06-11_1101,True,gi-795,14.699990919078289,True,True,True,True,True,True,False
Plate01_2012-06-11_1103,True,gi-795,13.548366260501975,True,True,True,True,True,True,True
Plate01_2012-06-11_1104,True,gi-795,10.883714894395691,True,True,True,True,True,True,True
Plate01_2012-06-11_1105,True,gi-795,12.886555690180092,True,True,True,True,True,True,True
Plate01_2012-06-11_1106,True,gi-795,10.616375325446565,True,True,True,True,True,True,True
Plate01_2012-06-11_1107,True,gi-795,14.548552400350879,True,True,True,True,True,True,True
Plate01_2012-06-11_1108,True,gi-795,12.243934746069908,True,True,True,True,True,True,True
Plate01_2012-06-11_1109,True,gi-795,11.769915662280262,True,True,True,True,True,True,True
Plate01_2012-06-11_1110,True,gi-795,13.085917025000091,True,True,True,True,True,True,True
Plate01_2012-06-11_3204,True,gi-795,14.839137287663574,True,True,True,True,True,True,False
Plate01_2012-06-11_3205,True,gi-795,14.155311089990336,True,True,True,True,True,True,True
Plate01_2012-06-11_3206,True,gi-795,11.745943428265178,True,True,True,True,True,True,True
Plate01_2012-06-11_3207,True,gi-795,13.336958492399175,True,True,True,True,True,True,True
Plate01_2012-06-11_3208,True,gi-795,11.047196238982394,True,True,True,True,True,True,True
Plate01_2012-06-11_3209,True,gi-795,15.864086328790806,True,True,True,False,False,False,False
Plate01_2012-06-11_3210,True,gi-795,15.48280394565591,True,True,True,True,False,False,False
Plate01_2012-06-11_3211,True,gi-795,12.775682853976466,True,True,True,True,True,True,True
Plate01_2012-06-11_3212,True,gi-795,11.209973489746675,True,True,True,True,True,True,True
Plate01_2012-06-11_3213,True,gi-795,16.75996933647048,True,True,False,False,False,False,False
Plate01_2012-06-11_3214,True,gi-795,12.107675141735811,True,True,True,True,True,True,True
Plate01_2012-06-11_3215,True,gi-795,12.959272553352601,True,True,True,True,True,True,True
Plate01_2012-06-11_3216,True,gi-795,18.862186002939342,True,False,False,False,False,False,False
Plate01_2012-06-11_3217,True,gi-795,11.725241193744964,True,True,True,True,True,True,True
Plate01_2012-06-11_3218,True,gi-795,16.766271593264285,True,True,False,False,False,False,False
Plate01_2012-06-11_3219,True,gi-795,11.841371385840079,True,True,True,True,True,True,True
Plate01_2012-06-11_3220,True,gi-795,15.891639974087775,True,True,True,False,False,False,False
Plate01_2012-06-11_3221,True,gi-795,15.69868981528484,True,True,True,False,False,False,False
Plate01_2012-06-11_3222,True,gi-795,13.102902409099485,True,True,True,True,True,True,True
Plate01_2012-06-11_3223,True,gi-795,11.383130803886855,True,True,True,True,True,True,True
Plate01_2012-06-11_3224,True,gi-795,13.99769031271087,True,True,True,True,True,True,True
Plate01_2012-06-11_3225,True,gi-795,14.11712389457196,True,True,True,True,True,True,True
Plate01_2012-06-11_3226,True,gi-795,14.298436350494596,True,True,True,True,True,True,True
Plate01_2012-06-11_3227,True,gi-795,12.233665490009372,True,True,True,True,True,True,True
Plate01_2012-06-11_3228,True,gi-795,14.375801597961582,True,True,True,True,True,True,True
Plate01_2012-06-11_3229,True,gi-795,18.571471943540338,True,False,False,False,False,False,False
Plate01_2012-06-11_3230,True,gi-795,15.608538523123428,True,True,True,False,False,False,False
Plate01_2012-06-11_3231,True,gi-795,13.406209119207922,True,True,True,True,True,True,True
Plate01_2012-06-11_3232,True,gi-795,11.9983162119595,True,True,True,True,True,True,True
Plate01_2012-06-11_3233,True,gi-795,11.378693084496659,True,True,True,True,True,True,True
Plate01_2012-06-11_3234,True,gi-795,10.55197286682894,True,True,True,True,True,True,True
Plate01_2012-06-11_3235,True,gi-795,11.228942982788913,True,True,True,True,True,True,True
Plate01_2012-06-11_3236,True,gi-795,12.211058520984281,True,True,True,True,True,True,True
Plate01_2012-06-11_3237,True,gi-795,10.868288674571074,True,True,True,True,True,True,True
Plate01_2012-06-11_3238,True,gi-795,12.113283336208662,True,True,True,True,True,True,True
Plate01_2012-06-11_3239,True,gi-795,12.344572622423595,True,True,True,True,True,True,True
Plate01_2012-06-11_3240,True,gi-795,14.661617742703887,True,True,True,True,True,True,False
Plate01_2012-06-11_8706,True,gi-1003,14.166189809296542,True,True,True,True,True,True,True
Plate01_2012-06-11_8707,True,gi-1003,13.35300214143866,True,True,True,True,True,True,True
Plate01_2012-06-11_8708,True,gi-1003,11.965274365988083,True,True,True,True,True,True,True
Plate01_2012-06-11_8709,False,gi-1003,17.6183809316266,True,False,False,False,False,False,False
Plate01_2012-06-11_8710,True,gi-1003,14.685282032285933,True,True,True,True,True,True,False
Plate01_2012-06-11_8711,True,gi-1003,13.916684753946903,True,True,True,True,True,True,True
Plate01_2012-06-11_8713,True,gi-1003,13.830314181834357,True,True,True,True,True,True,True
Plate01_2012-06-11_8714,True,gi-1003,14.630408454501646,True,True,True,True,True,True,False
Plate01_2012-06-11_8715,True,gi-1003,10.808370683127784,True,True,True,True,True,True,True
Plate01_2012-06-11_8716,True,gi-1003,12.870920401134738,True,True,True,True,True,True,True
Plate01_2012-06-11_8717,True,gi-1003,11.12239778421058,True,True,True,True,True,True,True
Plate01_2012-06-11_8718,True,gi-1003,13.266417798939687,True,True,True,True,True,True,True
Plate01_2012-06-11_8719,True,gi-1003,14.382301380087764,True,True,True,True,True,True,True
Plate01_2012-06-11_8989,True,gi-1003,12.934944879293376,True,True,True,True,True,True,True
Plate01_2012-06-11_8990,True,gi-1003,14.238256867995887,True,True,True,True,True,True,True
Plate01_2012-06-11_8991,False,gi-1003,20.073843284316407,True,False,False,False,False,False,False
Plate01_2012-06-11_8993,True,gi-1003,15.363760946554116,True,True,True,True,False,False,False
Plate01_2012-06-11_8994,True,gi-1003,11.707615819736494,True,True,True,True,True,True,True
Plate01_2012-06-11_8995,False,gi-1003,21.520039930827277,False,False,False,False,False,False,False
Plate01_2012-06-11_8996,True,gi-1003,15.097976865079614,True,True,True,True,True,False,False
Plate01_2012-06-11_8997,True,gi-1003,14.230930767313033,True,True,True,True,True,True,True
Plate01_2012-06-11_8998,True,gi-1003,14.303380665194284,True,True,True,True,True,True,True
Plate01_2012-06-11_8999,True,gi-1003,12.746216459862616,True,True,True,True,True,True,True
Plate01_2012-06-11_9000,False,gi-1003,18.75119888908981,True,False,False,False,False,False,False
Plate01_2012-06-11_9001,True,gi-1003,14.55144983473337,True,True,True,True,True,True,True
Plate01_2012-06-11_9249,False,gi-1003,16.644498796417395,True,True,False,False,False,False,False
Plate01_2012-06-11_9250,False,gi-1003,16.44988272033187,True,True,False,False,False,False,False
Plate01_2012-06-11_9251,False,gi-1003,15.971940746971624,True,True,True,False,False,False,False
Plate01_2012-06-11_9252,True,gi-1003,12.997381013694884,True,True,True,True,True,True,True
Plate01_2012-06-11_9253,True,gi-1003,13.019674589504854,True,True,True,True,True,True,True
Plate01_2012-06-11_9254,True,gi-1003,11.62103678033369,True,True,True,True,True,True,True
Plate01_2012-06-11_9255,True,gi-1003,13.629000192697749,True,True,True,True,True,True,True
Plate01_2012-06-11_9256,True,gi-1003,13.783426647830414,True,True,True,True,True,True,True
Plate01_2012-06-11_9257,True,gi-1003,12.16652449158737,True,True,True,True,True,True,True
Plate01_2012-06-11_9258,True,gi-1003,10.431269761384394,True,True,True,True,True,True,True
Plate01_2012-06-11_9259,True,gi-1003,11.047483378525694,True,True,True,True,True,True,True
Plate01_2012-06-11_9521,True,gi-1016,14.795307421048705,True,True,True,True,True,True,False
Plate01_2012-06-11_9522,True,gi-1016,12.46134282653143,True,True,True,True,True,True,True
Plate01_2012-06-11_9523,True,gi-1016,15.808723577649012,True,True,True,False,False,False,False
Plate01_2012-06-11_9524,False,gi-1016,18.13998063110164,True,False,False,False,False,False,False
Plate01_2012-06-11_9525,False,gi-1016,18.416167140959047,True,False,False,False,False,False,False
Plate01_2012-06-11_9730,True,gi-1016,14.924104341780962,True,True,True,True,True,False,False
Plate01_2012-06-11_9731,False,gi-1016,60.68812879792386,False,False,False,False,False,False,False
Plate01_2012-06-11_9732,True,gi-1016,15.734484343331484,True,True,True,False,False,False,False
Plate01_2012-06-11_9733,False,gi-1016,16.503758201331447,True,True,False,False,False,False,False
Plate01_2012-06-11_9734,False,gi-1016,16.340983857057743,True,True,False,False,False,False,False
Plate01_2012-06-11_9736,True,gi-1016,11.20837849655355,True,True,True,True,True,True,True
Plate01_2012-06-11_9914,False,gi-1016,22.491282299257545,False,False,False,False,False,False,False
Plate01_2012-06-11_9915,True,gi-1016,14.159724430208982,True,True,True,True,True,True,True
Plate01_2012-06-11_9916,True,gi-1016,11.849767685474847,True,True,True,True,True,True,True
Plate01_2012-06-11_9917,False,gi-1016,21.58428091346639,False,False,False,False,False,False,False
Plate01_2012-06-11_9586,True,gi-1020,13.822704201928516,True,True,True,True,True,True,True
Plate01_2012-06-11_9587,True,gi-1020,11.663974113579137,True,True,True,True,True,True,True
Plate01_2012-06-11_9588,True,gi-1020,11.00496522530437,True,True,True,True,True,True,True
Plate01_2012-06-11_9589,True,gi-1020,15.253563923603943,True,True,True,True,False,False,False
Plate01_2012-06-11_9590,True,gi-1020,13.135644087968881,True,True,True,True,True,True,True
Plate01_2012-06-11_9591,True,gi-1020,12.813215563556833,True,True,True,True,True,True,True
Plate01_2012-06-11_9592,True,gi-1020,16.370727434763563,True,True,False,False,False,False,False
Plate01_2012-06-11_9593,True,gi-1020,12.358637212451475,True,True,True,True,True,True,True
Plate01_2012-06-11_9594,True,gi-1020,11.828830642463139,True,True,True,True,True,True,True
Plate01_2012-06-11_9595,True,gi-1020,15.343121962249612,True,True,True,True,False,False,False
Plate01_2012-06-11_9596,True,gi-1020,12.740721991975855,True,True,True,True,True,True,True
Plate01_2012-06-11_9597,True,gi-1020,11.732339374791403,True,True,True,True,True,True,True
Plate01_2012-06-11_9598,True,gi-1020,11.096236330373866,True,True,True,True,True,True,True
Plate01_2012-06-11_9599,True,gi-1020,11.28066418537917,True,True,True,True,True,True,True
Plate01_2012-06-11_9600,False,gi-1020,22.464059688321143,False,False,False,False,False,False,False
Plate01_2012-06-11_9601,False,gi-1020,17.91833802643076,True,False,False,False,False,False,False
Plate01_2012-06-11_9602,True,gi-1020,12.784301961885305,True,True,True,True,True,True,True
Plate01_2012-06-11_9603,True,gi-1020,13.423809086318412,True,True,True,True,True,True,True
Plate01_2012-06-11_9604,True,gi-1020,14.551812623340169,True,True,True,True,True,True,False
Plate01_2012-06-11_9766,False,gi-1020,22.910766397691564,False,False,False,False,False,False,False
Plate01_2012-06-11_9767,False,gi-1020,18.078478917742235,True,False,False,False,False,False,False
Plate01_2012-06-11_9768,False,gi-1020,23.398339457239846,False,False,False,False,False,False,False
Plate01_2012-06-11_9769,True,gi-1020,14.87845780239205,True,True,True,True,True,False,False
Plate01_2012-06-11_9770,True,gi-1020,16.09174769109986,True,True,True,False,False,False,False
Plate01_2012-06-11_9771,True,gi-1020,12.26568309302961,True,True,True,True,True,True,True
Plate01_2012-06-11_9772,True,gi-1020,16.281133169740446,True,True,True,False,False,False,False
Plate01_2012-06-11_9773,True,gi-1020,15.963031167547133,True,True,True,False,False,False,False
Plate01_2012-06-11_9774,True,gi-1020,12.165422981362175,True,True,True,True,True,True,True
Plate01_2012-06-11_9775,True,gi-1020,12.519626358677993,True,True,True,True,True,True,True
Plate01_2012-06-11_9776,True,gi-1020,11.551753230758248,True,True,True,True,True,True,True
Plate01_2012-06-11_9777,True,gi-1020,13.560934399534926,True,True,True,True,True,True,True
Plate01_2012-06-11_9778,True,gi-1020,15.125536774714302,True,True,True,True,True,False,False
Plate01_2012-06-11_9779,True,gi-1020,11.62492854394954,True,True,True,True,True,True,True
Plate01_2012-06-11_9780,True,gi-1020,14.28904551889037,True,True,True,True,True,True,True
Plate01_2012-06-11_9956,True,gi-1020,15.683897598718188,True,True,True,False,False,False,False
Plate01_2012-06-11_9957,True,gi-1020,16.1480659712251,True,True,True,False,False,False,False
Plate01_2012-06-11_9958,True,gi-1020,15.29998017775201,True,True,True,True,False,False,False
Plate01_2012-06-11_9959,True,gi-1020,13.782181935711119,True,True,True,True,True,True,True
Plate01_2012-06-11_9960,True,gi-1020,11.050689009815466,True,True,True,True,True,True,True
Plate01_2012-06-11_9961,True,gi-1020,11.627450325345272,True,True,True,True,True,True,True
Plate01_2012-06-11_9962,True,gi-1020,16.718774088582766,True,True,False,False,False,False,False
Plate01_2012-06-11_9963,True,gi-1020,11.816940373776498,True,True,True,True,True,True,True
Plate01_2012-06-11_9964,True,gi-1020,11.890058279778978,True,True,True,True,True,True,True
Plate01_2012-06-11_9965,True,gi-1020,13.532986981064667,True,True,True,True,True,True,True
Plate01_2012-06-11_9966,True,gi-1020,13.309478565361882,True,True,True,True,True,True,True
Plate01_2012-06-11_9968,True,gi-1020,11.340379903072972,True,True,True,True,True,True,True
Plate01_2012-06-11_9969,False,gi-1020,20.638118264419102,False,False,False,False,False,False,False
Plate01_2012-06-11_9970,True,gi-1020,12.29152625263553,True,True,True,True,True,True,True
Plate01_2012-06-11_9971,False,gi-1020,20.127547826993855,True,False,False,False,False,False,False
Plate01_2012-06-11_10301,True,gi-1042,11.89201494435609,True,True,True,True,True,True,True
Plate01_2012-06-11_10302,True,gi-1042,14.781918917992636,True,True,True,True,True,True,False
Plate01_2012-06-11_10303,True,gi-1042,12.244834869916476,True,True,True,True,True,True,True
Plate01_2012-06-11_10304,True,gi-1042,13.394163692425607,True,True,True,True,True,True,True
Plate01_2012-06-11_10305,True,gi-1042,10.987306558129529,True,True,True,True,True,True,True
Plate01_2012-06-11_10306,True,gi-1042,12.291202558079588,True,True,True,True,True,True,True
Plate01_2012-06-11_10307,True,gi-1042,12.28908388844039,True,True,True,True,True,True,True
Plate01_2012-06-11_10308,True,gi-1042,11.455873750965198,True,True,True,True,True,True,True
Plate01_2012-06-11_10309,True,gi-1042,11.669978849652573,True,True,True,True,True,True,True
Plate01_2012-06-11_10310,True,gi-1042,12.845313789512545,True,True,True,True,True,True,True
Plate01_2012-06-11_10311,True,gi-1042,13.997256962726585,True,True,True,True,True,True,True
Plate01_2012-06-11_10312,True,gi-1042,14.216166210735114,True,True,True,True,True,True,True
Plate01_2012-06-11_10313,True,gi-1042,12.973865249608156,True,True,True,True,True,True,True
Plate01_2012-06-11_10314,True,gi-1042,12.11377590818058,True,True,True,True,True,True,True
Plate01_2012-06-11_10315,True,gi-1042,12.653190618337042,True,True,True,True,True,True,True
Plate01_2012-06-11_10316,True,gi-1042,13.047293849270131,True,True,True,True,True,True,True
Plate01_2012-06-11_10317,True,gi-1042,12.030513797714192,True,True,True,True,True,True,True
Plate01_2012-06-11_10318,True,gi-1042,13.507584239993697,True,True,True,True,True,True,True
Plate01_2012-06-11_10511,True,gi-1042,12.096128233625237,True,True,True,True,True,True,True
Plate01_2012-06-11_10512,True,gi-1042,10.743132079441988,True,True,True,True,True,True,True
Plate01_2012-06-11_10513,True,gi-1042,13.608926433460978,True,True,True,True,True,True,True
Plate01_2012-06-11_10514,True,gi-1042,12.40877520178327,True,True,True,True,True,True,True
Plate01_2012-06-11_10515,True,gi-1042,16.345735287936517,True,True,False,False,False,False,False
Plate01_2012-06-11_10516,True,gi-1042,15.527917489844288,True,True,True,True,False,False,False
Plate01_2012-06-11_10517,True,gi-1042,11.538014321721356,True,True,True,True,True,True,True
Plate01_2012-06-11_10518,False,gi-1042,36.342821742327814,False,False,False,False,False,False,False
Plate01_2012-06-11_10519,True,gi-1042,12.07830209106023,True,True,True,True,True,True,True
Plate01_2012-06-11_10520,True,gi-1042,12.027059462954647,True,True,True,True,True,True,True
Plate01_2012-06-11_10521,True,gi-1042,14.260562254294948,True,True,True,True,True,True,True
Plate01_2012-06-11_10522,True,gi-1042,14.089102817619278,True,True,True,True,True,True,True
Plate01_2012-06-11_10523,True,gi-1042,12.834364749195897,True,True,True,True,True,True,True
Plate01_2012-06-11_10524,True,gi-1042,12.52630139066143,True,True,True,True,True,True,True
Plate01_2012-06-11_10525,True,gi-1042,12.725253715759608,True,True,True,True,True,True,True
Plate01_2012-06-11_10526,True,gi-1042,10.511666014992908,True,True,True,True,True,True,True
Plate01_2012-06-11_10527,True,gi-1042,12.101803002108959,True,True,True,True,True,True,True
Plate01_2012-06-11_10528,True,gi-1042,17.03530062945495,True,True,False,False,False,False,False
Plate01_2012-06-11_10529,True,gi-1042,11.23027121056611,True,True,True,True,True,True,True
Plate01_2012-06-11_10530,True,gi-1042,13.406548770790772,True,True,True,True,True,True,True
Plate01_2012-06-11_10531,True,gi-1042,12.569303494930596,True,True,True,True,True,True,True
Plate01_2012-06-11_10532,True,gi-1042,10.801368929946406,True,True,True,True,True,True,True
Plate01_2012-06-11_10533,True,gi-1042,16.07201788195894,True,True,True,False,False,False,False
Plate01_2012-06-11_10535,True,gi-1042,13.93636571732422,True,True,True,True,True,True,True
Plate01_2012-06-11_10536,True,gi-1042,12.0179690186339,True,True,True,True,True,True,True
Plate01_2012-06-11_10537,True,gi-1042,14.280557028324644,True,True,True,True,True,True,True
Plate01_2012-06-11_10538,False,gi-1042,21.5813843487491,False,False,False,False,False,False,False
Plate01_2012-06-11_10539,True,gi-1042,11.540246072703427,True,True,True,True,True,True,True
Plate01_2012-06-11_10540,True,gi-1042,11.628169052610005,True,True,True,True,True,True,True
Plate01_2012-06-11_10541,True,gi-1042,18.428846808497088,True,False,False,False,False,False,False
Plate01_2012-06-11_10542,True,gi-1042,12.894594430587428,True,True,True,True,True,True,True
Plate01_2012-06-11_10543,True,gi-1042,13.298438114894228,True,True,True,True,True,True,True
Plate01_2012-06-11_10544,True,gi-1042,11.449025260989332,True,True,True,True,True,True,True
Plate01_2012-06-11_10545,True,gi-1042,13.483220405439232,True,True,True,True,True,True,True
Plate01_2012-06-11_10546,True,gi-1042,15.783909931472904,True,True,True,False,False,False,False
Plate01_2012-06-11_10547,True,gi-1042,17.187505972775732,True,True,False,False,False,False,False
Plate01_2012-06-11_10791,False,gi-1042,21.548329971199056,False,False,False,False,False,False,False
Plate01_2012-06-11_10792,True,gi-1042,13.005134267018772,True,True,True,True,True,True,True
Plate01_2012-06-11_10793,True,gi-1042,11.368580946095623,True,True,True,True,True,True,True
Plate01_2012-06-11_10794,True,gi-1042,18.99229040364951,True,False,False,False,False,False,False
Plate01_2012-06-11_10795,True,gi-1042,12.949942949445344,True,True,True,True,True,True,True
Plate01_2012-06-11_10796,True,gi-1042,15.692270596462375,True,True,True,False,False,False,False
Plate01_2012-06-11_10797,True,gi-1042,11.026420230710077,True,True,True,True,True,True,True
Plate01_2012-06-11_10798,True,gi-1042,12.694060421129688,True,True,True,True,True,True,True
Plate01_2012-06-11_10799,True,gi-1042,14.737646830409606,True,True,True,True,True,True,False
Plate01_2012-06-11_10800,True,gi-1042,14.347413283441615,True,True,True,True,True,True,True
Plate01_2012-06-11_10801,True,gi-1042,15.308205278083621,True,True,True,True,False,False,False
Plate01_2012-06-11_10802,True,gi-1042,16.447031807945066,True,True,False,False,False,False,False
Plate01_2012-06-11_10803,True,gi-1042,12.598339870743517,True,True,True,True,True,True,True
Plate01_2012-06-11_10804,True,gi-1042,15.248222023050692,True,True,True,True,False,False,False
Plate01_2012-06-11_10805,True,gi-1042,10.551490782856213,True,True,True,True,True,True,True
Plate01_2012-06-11_10806,True,gi-1042,11.626762884612308,True,True,True,True,True,True,True
Plate01_2012-06-11_10807,True,gi-1042,13.329171915065281,True,True,True,True,True,True,True
Plate01_2012-06-11_10808,True,gi-1042,13.183594539632077,True,True,True,True,True,True,True
Plate01_2012-06-11_10809,True,gi-1042,10.896008550324224,True,True,True,True,True,True,True
Plate01_2012-06-11_10810,True,gi-1042,12.93221435235443,True,True,True,True,True,True,True
Plate01_2012-06-11_10811,True,gi-1042,13.125866757420102,True,True,True,True,True,True,True
Plate01_2012-06-11_10812,True,gi-1042,12.246475061801124,True,True,True,True,True,True,True
Plate01_2012-06-11_10813,True,gi-1042,12.793368559611633,True,True,True,True,True,True,True
Plate01_2012-06-11_10814,True,gi-1042,11.881082710985496,True,True,True,True,True,True,True
Plate01_2012-06-11_10815,True,gi-1042,11.746251824376225,True,True,True,True,True,True,True
Plate01_2012-06-11_10816,True,gi-1042,14.923546468058916,True,True,True,True,True,False,False
Plate01_2012-06-11_10875,True,gi-1049,11.184592226488446,True,True,True,True,True,True,True
Plate01_2012-06-11_10876,True,gi-1049,16.531482228210226,True,True,False,False,False,False,False
Plate01_2012-06-11_10877,True,gi-1049,12.579897899997585,True,True,True,True,True,True,True
Plate01_2012-06-11_10878,True,gi-1049,12.107614191790612,True,True,True,True,True,True,True
Plate01_2012-06-11_10879,True,gi-1049,11.656132427552071,True,True,True,True,True,True,True
Plate01_2012-06-11_10880,True,gi-1049,10.578095631337064,True,True,True,True,True,True,True
Plate01_2012-06-11_10881,False,gi-1049,27.078275715769852,False,False,False,False,False,False,False
Plate01_2012-06-11_10882,True,gi-1049,11.944558668578479,True,True,True,True,True,True,True
Plate01_2012-06-11_10883,True,gi-1049,11.38123601506644,True,True,True,True,True,True,True
Plate01_2012-06-11_10884,True,gi-1049,14.213209160547544,True,True,True,True,True,True,True
Plate01_2012-06-11_10885,True,gi-1049,19.13354947244095,True,False,False,False,False,False,False
Plate01_2012-06-11_10886,True,gi-1049,13.468463754257785,True,True,True,True,True,True,True
Plate01_2012-06-11_10887,True,gi-1049,14.881509298456544,True,True,True,True,True,False,False
Plate01_2012-06-11_10888,False,gi-1049,33.983730440938814,False,False,False,False,False,False,False
Plate01_2012-06-11_10889,True,gi-1049,12.590694065863204,True,True,True,True,True,True,True
Plate01_2012-06-11_11072,True,gi-1049,13.269202609857722,True,True,True,True,True,True,True
Plate01_2012-06-11_11073,True,gi-1049,13.266199530580845,True,True,True,True,True,True,True
Plate01_2012-06-11_11074,False,gi-1049,19.262223280313076,True,False,False,False,False,False,False
Plate01_2012-06-11_11075,True,gi-1049,12.91999690518138,True,True,True,True,True,True,True
Plate01_2012-06-11_11076,True,gi-1049,12.546785807724417,True,True,True,True,True,True,True
Plate01_2012-06-11_11077,True,gi-1049,14.432243590524083,True,True,True,True,True,True,True
Plate01_2012-06-11_11078,True,gi-1049,12.165229449021497,True,True,True,True,True,True,True
Plate01_2012-06-11_11079,True,gi-1049,13.048618939122735,True,True,True,True,True,True,True
Plate01_2012-06-11_11080,True,gi-1049,13.100376250842022,True,True,True,True,True,True,True
Plate01_2012-06-11_11081,True,gi-1049,15.419276902694627,True,True,True,True,False,False,False
Plate01_2012-06-11_11082,False,gi-1049,24.97171540540508,False,False,False,False,False,False,False
Plate01_2012-06-11_11083,True,gi-1049,12.77323800673936,True,True,True,True,True,True,True
Plate01_2012-06-11_11084,True,gi-1049,15.222675021239443,True,True,True,True,True,False,False
Plate01_2012-06-11_11085,True,gi-1049,13.996147119701721,True,True,True,True,True,True,True
Plate01_2012-06-11_11279,True,gi-1049,14.28572060294819,True,True,True,True,True,True,True
Plate01_2012-06-11_11280,True,gi-1049,11.981029322718445,True,True,True,True,True,True,True
Plate01_2012-06-11_11281,True,gi-1049,11.675309654961673,True,True,True,True,True,True,True
Plate01_2012-06-11_11282,True,gi-1049,16.05332356760892,True,True,True,False,False,False,False
Plate01_2012-06-11_11283,True,gi-1049,17.203030330193048,True,True,False,False,False,False,False
Plate01_2012-06-11_11284,True,gi-1049,11.513557949484582,True,True,True,True,True,True,True
Plate01_2012-06-11_11285,True,gi-1049,13.158798171069398,True,True,True,True,True,True,True
Plate01_2012-06-11_11286,True,gi-1049,13.29069474986941,True,True,True,True,True,True,True
Plate01_2012-06-11_11287,True,gi-1049,12.347275482209364,True,True,True,True,True,True,True
Plate01_2012-06-11_11288,True,gi-1049,12.668346058602983,True,True,True,True,True,True,True
Plate01_2012-06-11_11289,True,gi-1049,10.841059984541474,True,True,True,True,True,True,True
Plate01_2012-06-11_11290,True,gi-1049,15.274426045550516,True,True,True,True,False,False,False
Plate01_2012-06-11_11291,True,gi-1049,13.181826873878979,True,True,True,True,True,True,True
Plate01_2012-06-11_11292,True,gi-1049,12.061376921109174,True,True,True,True,True,True,True
Plate01_2012-06-11_11293,True,gi-1049,12.45317030874872,True,True,True,True,True,True,True
Plate01_2012-06-11_11294,True,gi-1049,17.60689244296096,True,False,False,False,False,False,False
Plate01_2012-06-11_11295,True,gi-1049,12.689559728568945,True,True,True,True,True,True,True
Plate01_2012-06-11_11296,True,gi-1049,11.395563186332083,True,True,True,True,True,True,True
Plate01_2012-06-11_11297,True,gi-1049,10.818901874244558,True,True,True,True,True,True,True
Plate01_2012-06-11_11298,True,gi-1049,11.472746411491837,True,True,True,True,True,True,True
Plate01_2012-06-11_11299,True,gi-1049,14.389868501864106,True,True,True,True,True,True,True
TS4-CD-37_2012-06-19_1528,False,gi-8047,20.59293828023335,False,False,False,False,False,False,False
TS4-CD-37_2012-06-19_1529,True,gi-8047,15.7316280475623,True,True,True,False,False,False,False
TS4-CD-37_2012-06-19_1531,False,gi-8047,19.6054994859342,True,False,False,False,False,False,False
TS4-CD-37_2012-06-19_1532,False,gi-8047,41.24574106788213,False,False,False,False,False,False,False
TS4-CD-37_2012-06-19_1533,False,gi-8047,33.00069016554586,False,False,False,False,False,False,False
TS4-CD-37_2012-06-19_1773,False,gi-8047,19.696430830029527,True,False,False,False,False,False,False
TS4-CD-37_2012-06-19_1774,False,gi-8047,56.78766631848164,False,False,False,False,False,False,False
TS4-CD-37_2012-06-19_1775,True,gi-8047,14.657840743828379,True,True,True,True,True,True,False
TS4-CD-37_2012-06-19_1776,True,gi-8047,13.253363251336454,True,True,True,True,True,True,True
TS4-CD-37_2012-06-19_1777,True,gi-8047,15.179163312170335,True,True,True,True,True,False,False
TS4-CD-37_2012-06-19_1778,False,gi-8047,22.919205727367423,False,False,False,False,False,False,False
TS4-CD-37_2012-06-19_1779,False,gi-8047,27.265224717451108,False,False,False,False,False,False,False
TS4-CD-37_2012-06-19_1780,True,gi-8047,15.725550045317783,True,True,True,False,False,False,False
TS4-CD-37_2012-06-19_1781,False,gi-8047,39.660791704545595,False,False,False,False,False,False,False
TS4-CD-37_2012-06-19_1967,False,gi-8047,30.8203894755543,False,False,False,False,False,False,False
TS4-CD-37_2012-06-19_1970,False,gi-8047,24.16561878450008,False,False,False,False,False,False,False
TS4-CD-37_2012-06-19_1971,False,gi-8047,20.0715939024996,True,False,False,False,False,False,False
TS4-CD-37_2012-06-19_1542,True,gi-8049,14.779172986940885,True,True,True,True,True,True,False
TS4-CD-37_2012-06-19_1543,True,gi-8049,14.262897456831794,True,True,True,True,True,True,True
TS4-CD-37_2012-06-19_1544,False,gi-8049,16.494359422759672,True,True,False,False,False,False,False
TS4-CD-37_2012-06-19_1545,False,gi-8049,24.499746127322094,False,False,False,False,False,False,False
TS4-CD-37_2012-06-19_1546,True,gi-8049,11.338378475130082,True,True,True,True,True,True,True
TS4-CD-37_2012-06-19_1547,False,gi-8049,21.555209652524656,False,False,False,False,False,False,False
TS4-CD-37_2012-06-19_1548,False,gi-8049,18.412252195830852,True,False,False,False,False,False,False
TS4-CD-37_2012-06-19_1549,False,gi-8049,15.360762070023704,True,True,True,True,False,False,False
TS4-CD-37_2012-06-19_1550,True,gi-8049,14.42555189751963,True,True,True,True,True,True,True
TS4-CD-37_2012-06-19_1551,False,gi-8049,16.469181980324358,True,True,False,False,False,False,False
TS4-CD-37_2012-06-19_1552,True,gi-8049,14.278645395051454,True,True,True,True,True,True,True
TS4-CD-37_2012-06-19_1553,True,gi-8049,14.520932281348884,True,True,True,True,True,True,True
TS4-CD-37_2012-06-19_1555,False,gi-8049,18.049470410764098,True,False,False,False,False,False,False
TS4-CD-37_2012-06-19_1556,True,gi-8049,14.116298453239292,True,True,True,True,True,True,True
TS4-CD-37_2012-06-19_1785,True,gi-8049,14.929320097132504,True,True,True,True,True,False,False
TS4-CD-37_2012-06-19_1786,True,gi-8049,14.495250482058465,True,True,True,True,True,True,True
TS4-CD-37_2012-06-19_1787,False,gi-8049,19.983647644529423,True,False,False,False,False,False,False
TS4-CD-37_2012-06-19_1788,True,gi-8049,14.381645030988683,True,True,True,True,True,True,True
TS4-CD-37_2012-06-19_1789,True,gi-8049,14.462889078196472,True,True,True,True,True,True,True
TS4-CD-37_2012-06-19_1790,False,gi-8049,17.893761960476343,True,False,False,False,False,False,False
TS4-CD-37_2012-06-19_1793,True,gi-8049,11.21494124211075,True,True,True,True,True,True,True
TS4-CD-37_2012-06-19_1794,True,gi-8049,14.09778005777261,True,True,True,True,True,True,True
TS4-CD-37_2012-06-19_1795,False,gi-8049,15.199632483597764,True,True,True,True,True,False,False
TS4-CD-37_2012-06-19_1976,False,gi-8049,20.50350842409701,False,False,False,False,False,False,False
TS4-CD-37_2012-06-19_1977,False,gi-8049,30.006847275800723,False,False,False,False,False,False,False
TS4-CD-37_2012-06-19_1978,False,gi-8049,28.591223107164616,False,False,False,False,False,False,False
TS4-CD-37_2012-06-19_1979,False,gi-8049,16.839325688436592,True,True,False,False,False,False,False
TS4-CD-37_2012-06-19_1980,False,gi-8049,18.92437872743,True,False,False,False,False,False,False
TS4-CD-37_2012-06-19_1981,False,gi-8049,15.355533583212273,True,True,True,True,False,False,False
TS4-CD-37_2012-06-19_1982,True,gi-8049,10.710723152014545,True,True,True,True,True,True,True
TS4-CD-37_2012-06-19_1983,False,gi-8049,16.436187894200106,True,True,False,False,False,False,False
TS4-CD-37_2012-06-19_1984,True,gi-8049,14.507104375310817,True,True,True,True,True,True,True
TS4-CD-37_2012-06-19_2071,True,gi-8052,14.780057641201136,True,True,True,True,True,True,False
TS4-CD-37_2012-06-19_2072,False,gi-8052,16.67132940710471,True,True,False,False,False,False,False
TS4-CD-37_2012-06-19_2073,True,gi-8052,14.955089345584328,True,True,True,True,True,False,False
TS4-CD-37_2012-06-19_2074,True,gi-8052,11.331790049369472,True,True,True,True,True,True,True
TS4-CD-37_2012-06-19_2075,True,gi-8052,10.901311768693937,True,True,True,True,True,True,True
TS4-CD-37_2012-06-19_2076,True,gi-8052,15.066523962575905,True,True,True,True,True,False,False
TS4-CD-37_2012-06-19_2077,True,gi-8052,16.39115588800609,True,True,False,False,False,False,False
TS4-CD-37_2012-06-19_2078,False,gi-8052,20.807081225440086,False,False,False,False,False,False,False
TS4-CD-37_2012-06-19_2079,True,gi-8052,12.091872885925362,True,True,True,True,True,True,True
TS4-CD-37_2012-06-19_2080,True,gi-8052,14.238766896112061,True,True,True,True,True,True,True
TS4-CD-37_2012-06-19_2081,True,gi-8052,14.59632457485248,True,True,True,True,True,True,False
TS4-CD-37_2012-06-19_2082,False,gi-8052,32.7162576776977,False,False,False,False,False,False,False
TS4-CD-37_2012-06-19_2083,False,gi-8052,19.60517329631012,True,False,False,False,False,False,False
TS4-CD-37_2012-06-19_2084,False,gi-8052,19.201309757181374,True,False,False,False,False,False,False
TS4-CD-37_2012-06-19_2085,True,gi-8052,14.82217315224618,True,True,True,True,True,True,False
TS4-CD-37_2012-06-19_2086,False,gi-8052,17.52703132920107,True,False,False,False,False,False,False
TS4-CD-37_2012-06-19_2087,False,gi-8052,17.488339036078315,True,True,False,False,False,False,False
TS4-CD-37_2012-06-19_2088,True,gi-8052,13.674587303703595,True,True,True,True,True,True,True
TS4-CD-37_2012-06-19_2089,True,gi-8052,14.75246935811625,True,True,True,True,True,True,False
TS4-CD-37_2012-06-19_2090,False,gi-8052,21.53632305766269,False,False,False,False,False,False,False
TS4-CD-37_2012-06-19_2091,True,gi-8052,13.531232700928397,True,True,True,True,True,True,True
TS4-CD-37_2012-06-19_2092,True,gi-8052,15.116088988010327,True,True,True,True,True,False,False
TS4-CD-37_2012-06-19_2093,True,gi-8052,11.938520835146436,True,True,True,True,True,True,True
TS4-CD-37_2012-06-19_2094,False,gi-8052,16.968351789914323,True,True,False,False,False,False,False
TS4-CD-37_2012-06-19_2095,True,gi-8052,11.75985891479788,True,True,True,True,True,True,True
TS4-CD-37_2012-06-19_2096,False,gi-8052,19.418693670812964,True,False,False,False,False,False,False
TS4-CD-37_2012-06-19_2097,True,gi-8052,14.630246697082976,True,True,True,True,True,True,False
TS4-CD-37_2012-06-19_2098,True,gi-8052,15.22796449835143,True,True,True,True,False,False,False
TS4-CD-37_2012-06-19_2099,True,gi-8052,14.515381847772446,True,True,True,True,True,True,True
TS4-CD-37_2012-06-19_2100,True,gi-8052,14.638811746902535,True,True,True,True,True,True,False
TS4-CD-37_2012-06-19_2101,True,gi-8052,15.651462480129304,True,True,True,False,False,False,False
TS4-CD-37_2012-06-19_2102,False,gi-8052,16.612702016767276,True,True,False,False,False,False,False
TS4-CD-37_2012-06-19_2103,True,gi-8052,14.805026883631765,True,True,True,True,True,True,False
TS4-CD-37_2012-06-19_2104,True,gi-8052,15.094199195471056,True,True,True,True,True,False,False
TS4-CD-37_2012-06-19_2105,True,gi-8052,13.151291855308328,True,True,True,True,True,True,True
TS4-CD-37_2012-06-19_2106,False,gi-8052,16.51478163027299,True,True,False,False,False,False,False
TS4-CD-37_2012-06-19_2107,False,gi-8052,20.233714471511366,True,False,False,False,False,False,False
TS4-CD-37_2012-06-19_2108,False,gi-8052,29.317586513103244,False,False,False,False,False,False,False
TS4-CD-37_2012-06-19_2109,True,gi-8052,13.524801615753194,True,True,True,True,True,True,True
TS4-CD-37_2012-06-19_2110,False,gi-8052,37.05723480205436,False,False,False,False,False,False,False
TS4-CD-37_2012-06-19_2111,True,gi-8052,11.709497548769113,True,True,True,True,True,True,True
TS4-CD-37_2012-06-19_2112,True,gi-8052,16.34034931069088,True,True,False,False,False,False,False
TS4-CD-37_2012-06-19_2113,False,gi-8052,18.09853760304466,True,False,False,False,False,False,False
TS4-CD-37_2012-06-19_2114,True,gi-8052,13.417089125263608,True,True,True,True,True,True,True
TS4-CD-37_2012-06-19_2115,True,gi-8052,14.91618050279465,True,True,True,True,True,False,False
TS4-CD-37_2012-06-19_2116,True,gi-8052,11.891311708187462,True,True,True,True,True,True,True
TS4-CD-37_2012-06-19_2117,True,gi-8052,15.479759926066206,True,True,True,True,False,False,False
TS4-CD-37_2012-06-19_2118,True,gi-8052,14.458658403461019,True,True,True,True,True,True,True
TS4-CD-37_2012-06-19_2119,True,gi-8052,14.633250300387264,True,True,True,True,True,True,False
TS4-CD-37_2012-06-19_2120,True,gi-8052,13.48697096261788,True,True,True,True,True,True,True
TS4-CD-37_2012-06-19_2121,True,gi-8052,15.891389009359076,True,True,True,False,False,False,False
TS4-CD-37_2012-06-19_2122,False,gi-8052,22.799627241367123,False,False,False,False,False,False,False
TS4-CD-37_2012-06-19_2123,True,gi-8052,14.068986825868354,True,True,True,True,True,True,True
TS4-CD-37_2012-06-19_2124,False,gi-8052,16.989778436924528,True,True,False,False,False,False,False
TS4-CD-37_2012-06-19_2125,True,gi-8052,13.280459048164401,True,True,True,True,True,True,True
TS4-CD-37_2012-06-19_2126,True,gi-8052,15.2180245468694,True,True,True,True,True,False,False
TS4-CD-37_2012-06-19_2127,True,gi-8052,10.730527555939203,True,True,True,True,True,True,True
TS4-CD-37_2012-06-19_2128,False,gi-8052,16.874182363551732,True,True,False,False,False,False,False
TS4-CD-37_2012-06-19_2129,False,gi-8052,26.569856698164703,False,False,False,False,False,False,False
TS4-CD-37_2012-06-19_2130,True,gi-8052,14.635564638422586,True,True,True,True,True,True,False
TS4-CD-37_2012-06-19_2131,False,gi-8052,20.64274335732922,False,False,False,False,False,False,False
TS4-CD-37_2012-06-19_2132,False,gi-8052,52.50244424264899,False,False,False,False,False,False,False
TS4-CD-37_2012-06-19_2133,False,gi-8052,25.63748292882978,False,False,False,False,False,False,False
TS4-CD-37_2012-06-19_2134,True,gi-8052,13.56815113109983,True,True,True,True,True,True,True
TS4-CD-37_2012-06-19_2135,False,gi-8052,17.479119203461458,True,True,False,False,False,False,False
TS4-CD-37_2012-06-19_2136,False,gi-8052,22.357260554438906,False,False,False,False,False,False,False
TS4-CD-37_2012-06-19_2137,True,gi-8052,14.164772615559867,True,True,True,True,True,True,True
TS4-CD-37_2012-06-19_2138,False,gi-8052,17.913169027169012,True,False,False,False,False,False,False
TS4-CD-37_2012-06-19_2139,True,gi-8052,15.436102239583354,True,True,True,True,False,False,False
TS4-CD-37_2012-06-19_2140,True,gi-8052,11.587622861501957,True,True,True,True,True,True,True
TS4-CD-37_2012-06-19_2141,True,gi-8052,15.851514418369412,True,True,True,False,False,False,False
TS4-CD-37_2012-06-19_2344,True,gi-8052,14.672798800301214,True,True,True,True,True,True,False
TS4-CD-37_2012-06-19_2345,False,gi-8052,17.21733213112249,True,True,False,False,False,False,False
TS4-CD-37_2012-06-19_2346,True,gi-8052,15.240957430543109,True,True,True,True,False,False,False
TS4-CD-37_2012-06-19_2347,False,gi-8052,18.581369987651197,True,False,False,False,False,False,False
TS4-CD-37_2012-06-19_2348,False,gi-8052,17.885492136230535,True,False,False,False,False,False,False
TS4-CD-37_2012-06-19_2349,True,gi-8052,13.125287408232529,True,True,True,True,True,True,True
TS4-CD-37_2012-06-19_2350,True,gi-8052,11.502627126666715,True,True,True,True,True,True,True
TS4-CD-37_2012-06-19_2351,False,gi-8052,19.3728751360022,True,False,False,False,False,False,False
TS4-CD-37_2012-06-19_2352,True,gi-8052,16.317293117444315,True,True,False,False,False,False,False
TS4-CD-37_2012-06-19_2353,True,gi-8052,16.279674551392024,True,True,True,False,False,False,False
TS4-CD-37_2012-06-19_2354,True,gi-8052,15.554380249502081,True,True,True,False,False,False,False
TS4-CD-37_2012-06-19_2355,True,gi-8052,15.965334777790298,True,True,True,False,False,False,False
TS4-CD-37_2012-06-19_2356,True,gi-8052,12.688430853194024,True,True,True,True,True,True,True
TS4-CD-37_2012-06-19_2357,True,gi-8052,13.418833676299476,True,True,True,True,True,True,True
TS4-CD-37_2012-06-19_2358,False,gi-8052,17.816973304137278,True,False,False,False,False,False,False
TS4-CD-37_2012-06-19_2359,False,gi-8052,16.960261093401996,True,True,False,False,False,False,False
TS4-CD-37_2012-06-19_2360,True,gi-8052,15.231662409359021,True,True,True,True,False,False,False
TS4-CD-37_2012-06-19_2361,False,gi-8052,19.351243300240053,True,False,False,False,False,False,False
TS4-CD-37_2012-06-19_2362,True,gi-8052,13.999870615102036,True,True,True,True,True,True,True
TS4-CD-37_2012-06-19_2363,False,gi-8052,25.32252051190317,False,False,False,False,False,False,False
TS4-CD-37_2012-06-19_2364,True,gi-8052,15.728930643616048,True,True,True,False,False,False,False
TS4-CD-37_2012-06-19_2365,False,gi-8052,18.095814703176405,True,False,False,False,False,False,False
TS4-CD-37_2012-06-19_2366,False,gi-8052,20.83344489945705,False,False,False,False,False,False,False
TS4-CD-37_2012-06-19_2367,False,gi-8052,17.316372079013085,True,True,False,False,False,False,False
TS4-CD-37_2012-06-19_2368,True,gi-8052,15.575978701031575,True,True,True,False,False,False,False
TS4-CD-37_2012-06-19_2369,True,gi-8052,12.857903850935699,True,True,True,True,True,True,True
TS4-CD-37_2012-06-19_2370,True,gi-8052,14.779267045874594,True,True,True,True,True,True,False
TS4-CD-37_2012-06-19_2371,True,gi-8052,14.763032004189146,True,True,True,True,True,True,False
TS4-CD-37_2012-06-19_2372,True,gi-8052,15.725111730401464,True,True,True,False,False,False,False
TS4-CD-37_2012-06-19_2373,True,gi-8052,15.542153087850116,True,True,True,False,False,False,False
TS4-CD-37_2012-06-19_2374,False,gi-8052,16.691837094816524,True,True,False,False,False,False,False
TS4-CD-37_2012-06-19_2375,False,gi-8052,17.878854351812205,True,False,False,False,False,False,False
TS4-CD-37_2012-06-19_2376,False,gi-8052,17.894272778745357,True,False,False,False,False,False,False
TS4-CD-37_2012-06-19_2377,False,gi-8052,16.91511200426318,True,True,False,False,False,False,False
TS4-CD-37_2012-06-19_2378,True,gi-8052,15.649090103581067,True,True,True,False,False,False,False
TS4-CD-37_2012-06-19_2380,True,gi-8052,12.677368336349897,True,True,True,True,True,True,True
TS4-CD-37_2012-06-19_2381,True,gi-8052,12.380791783706355,True,True,True,True,True,True,True
TS4-CD-37_2012-06-19_2382,False,gi-8052,27.93381659169691,False,False,False,False,False,False,False
TS4-CD-37_2012-06-19_2383,False,gi-8052,21.35726168745662,False,False,False,False,False,False,False
TS4-CD-37_2012-06-19_2384,True,gi-8052,14.564764253429045,True,True,True,True,True,True,False
TS4-CD-37_2012-06-19_2385,True,gi-8052,13.878965876293298,True,True,True,True,True,True,True
TS4-CD-37_2012-06-19_2386,False,gi-8052,16.53345977709978,True,True,False,False,False,False,False
TS4-CD-37_2012-06-19_2387,False,gi-8052,24.170356624449408,False,False,False,False,False,False,False
TS4-CD-37_2012-06-19_2388,True,gi-8052,15.315711837019453,True,True,True,True,False,False,False
TS4-CD-37_2012-06-19_2390,False,gi-8052,17.25151676708562,True,True,False,False,False,False,False
TS4-CD-37_2012-06-19_2391,True,gi-8052,15.914175096728128,True,True,True,False,False,False,False
TS4-CD-37_2012-06-19_2392,True,gi-8052,15.899383663130195,True,True,True,False,False,False,False
TS4-CD-37_2012-06-19_2393,True,gi-8052,14.020827796958368,True,True,True,True,True,True,True
TS4-CD-37_2012-06-19_2394,True,gi-8052,12.990633360893638,True,True,True,True,True,True,True
TS4-CD-37_2012-06-19_2395,True,gi-8052,15.338982770004721,True,True,True,True,False,False,False
TS4-CD-37_2012-06-19_2396,False,gi-8052,17.167766152072808,True,True,False,False,False,False,False
TS4-CD-37_2012-06-19_2397,False,gi-8052,26.40828223285108,False,False,False,False,False,False,False
TS4-CD-37_2012-06-19_2398,False,gi-8052,17.365229298298587,True,True,False,False,False,False,False
TS4-CD-37_2012-06-19_2399,False,gi-8052,18.818260149734666,True,False,False,False,False,False,False
TS4-CD-37_2012-06-19_2644,True,gi-8052,15.327000985145435,True,True,True,True,False,False,False
TS4-CD-37_2012-06-19_2645,True,gi-8052,13.980276305522356,True,True,True,True,True,True,True
TS4-CD-37_2012-06-19_2646,True,gi-8052,14.154251752975485,True,True,True,True,True,True,True
TS4-CD-37_2012-06-19_2647,True,gi-8052,14.40366233893891,True,True,True,True,True,True,True
TS4-CD-37_2012-06-19_2648,False,gi-8052,16.93401965754483,True,True,False,False,False,False,False
TS4-CD-37_2012-06-19_2649,False,gi-8052,16.547790574551147,True,True,False,False,False,False,False
TS4-CD-37_2012-06-19_2650,False,gi-8052,24.124058173360893,False,False,False,False,False,False,False
TS4-CD-37_2012-06-19_2651,True,gi-8052,15.863733905960125,True,True,True,False,False,False,False
TS4-CD-37_2012-06-19_2652,True,gi-8052,15.125964899045265,True,True,True,True,True,False,False
TS4-CD-37_2012-06-19_2653,True,gi-8052,11.428410622228915,True,True,True,True,True,True,True
TS4-CD-37_2012-06-19_2654,True,gi-8052,11.695862792593891,True,True,True,True,True,True,True
TS4-CD-37_2012-06-19_2655,False,gi-8052,43.07213775043771,False,False,False,False,False,False,False
TS4-CD-37_2012-06-19_2656,False,gi-8052,17.53711597493775,True,False,False,False,False,False,False
TS4-CD-37_2012-06-19_2657,False,gi-8052,16.546570924378614,True,True,False,False,False,False,False
TS4-CD-37_2012-06-19_2658,False,gi-8052,19.76060177040707,True,False,False,False,False,False,False
TS4-CD-37_2012-06-19_2659,True,gi-8052,10.921220058525694,True,True,True,True,True,True,True
TS4-CD-37_2012-06-19_2660,False,gi-8052,21.833195037980786,False,False,False,False,False,False,False
TS4-CD-37_2012-06-19_2661,True,gi-8052,11.484067866388754,True,True,True,True,True,True,True
TS4-CD-37_2012-06-19_2662,True,gi-8052,10.574544132713335,True,True,True,True,True,True,True
TS4-CD-37_2012-06-19_2663,True,gi-8052,15.407272642526932,True,True,True,True,False,False,False
TS4-CD-37_2012-06-19_2664,False,gi-8052,19.52696273495924,True,False,False,False,False,False,False
TS4-CD-37_2012-06-19_2666,True,gi-8052,13.046776393975794,True,True,True,True,True,True,True
TS4-CD-37_2012-06-19_2667,False,gi-8052,16.856699969908938,True,True,False,False,False,False,False
TS4-CD-37_2012-06-19_2668,False,gi-8052,16.957483206107483,True,True,False,False,False,False,False
TS4-CD-37_2012-06-19_2669,True,gi-8052,15.004310033540314,True,True,True,True,True,False,False
TS4-CD-37_2012-06-19_2671,False,gi-8052,21.38116913199289,False,False,False,False,False,False,False
TS4-CD-37_2012-06-19_2672,True,gi-8052,13.353438042467948,True,True,True,True,True,True,True
TS4-CD-37_2012-06-19_2673,False,gi-8052,17.959987868115306,True,False,False,False,False,False,False
TS4-CD-37_2012-06-19_2674,False,gi-8052,18.960069069870276,True,False,False,False,False,False,False
TS4-CD-37_2012-06-19_2675,False,gi-8052,22.239068402621577,False,False,False,False,False,False,False
TS4-CD-37_2012-06-19_2676,True,gi-8052,13.915225634051826,True,True,True,True,True,True,True
TS4-CD-37_2012-06-19_2678,True,gi-8052,12.078779464605606,True,True,True,True,True,True,True
TS4-CD-37_2012-06-19_2679,False,gi-8052,17.917053110868082,True,False,False,False,False,False,False
TS4-CD-37_2012-06-19_2680,False,gi-8052,22.445395247247923,False,False,False,False,False,False,False
TS4-CD-37_2012-06-19_2681,True,gi-8052,15.653533458972374,True,True,True,False,False,False,False
TS4-CD-37_2012-06-19_2682,False,gi-8052,18.70152568816358,True,False,False,False,False,False,False
TS4-CD-37_2012-06-19_2683,True,gi-8052,14.566155531983744,True,True,True,True,True,True,False
TS4-CD-37_2012-06-19_2684,False,gi-8052,17.160486932169697,True,True,False,False,False,False,False
TS4-CD-37_2012-06-19_2685,False,gi-8052,21.11798074016,False,False,False,False,False,False,False
TS4-CD-37_2012-06-19_2686,True,gi-8052,14.964219781617588,True,True,True,True,True,False,False
TS4-CD-37_2012-06-19_2687,True,gi-8052,13.985508595267008,True,True,True,True,True,True,True
TS4-CD-37_2012-06-19_2688,True,gi-8052,15.429723216242513,True,True,True,True,False,False,False
TS4-CD-37_2012-06-19_2689,True,gi-8052,14.211124703926409,True,True,True,True,True,True,True
TS4-CD-37_2012-06-19_9625,True,gi-8152,14.977853316899097,True,True,True,True,True,False,False
TS4-CD-37_2012-06-19_9626,False,gi-8152,18.521324703968986,True,False,False,False,False,False,False
TS4-CD-37_2012-06-19_9627,True,gi-8152,15.853972094687409,True,True,True,False,False,False,False
TS4-CD-37_2012-06-19_9815,False,gi-8152,19.606533413423506,True,False,False,False,False,False,False
TS4-CD-37_2012-06-19_9816,True,gi-8152,10.914956684757815,True,True,True,True,True,True,True
TS4-CD-37_2012-06-19_9817,False,gi-8152,26.251657791423007,False,False,False,False,False,False,False
TS4-CD-37_2012-06-19_9818,False,gi-8152,17.71718243358937,True,False,False,False,False,False,False
TS4-CD-37_2012-06-19_9821,False,gi-8152,16.870766676447182,True,True,False,False,False,False,False
TS4-CD-37_2012-06-19_9822,False,gi-8152,17.398033649774845,True,True,False,False,False,False,False
TS4-CD-37_2012-06-19_9823,True,gi-8152,12.36408494657835,True,True,True,True,True,True,True
TS4-CD-37_2012-06-19_10010,True,gi-8152,15.053434272428339,True,True,True,True,True,False,False
TS4-CD-37_2012-06-19_10011,False,gi-8152,22.7522298794898,False,False,False,False,False,False,False
TS4-CD-37_2012-06-19_10012,True,gi-8152,14.684520075389656,True,True,True,True,True,True,False
TS4-CD-37_2012-06-19_10013,True,gi-8152,15.526265105533868,True,True,True,True,False,False,False
TS4-CD-37_2012-06-19_10014,True,gi-8152,12.203650029316218,True,True,True,True,True,True,True
TS4-CD-37_2012-06-19_10015,False,gi-8152,28.014216492512308,False,False,False,False,False,False,False
TS4-CD-37_2012-06-19_10017,False,gi-8152,16.579259879944875,True,True,False,False,False,False,False
TS4-CD-37_2012-06-19_10018,True,gi-8152,15.602152350564126,True,True,True,False,False,False,False
TS4-CD-37_2012-06-19_10019,False,gi-8152,21.65568305488118,False,False,False,False,False,False,False
TS4-CD-37_2012-06-19_10020,True,gi-8152,12.456717509598143,True,True,True,True,True,True,True
TS4-CD-37_2012-06-19_10021,False,gi-8152,19.54932047151095,True,False,False,False,False,False,False
TS4-CD-37_2012-06-19_12320,False,gi-8189,31.79598248478617,False,False,False,False,False,False,False
TS4-CD-37_2012-06-19_12321,False,gi-8189,20.801539190401066,False,False,False,False,False,False,False
TS4-CD-37_2012-06-19_12322,False,gi-8189,18.473510303383247,True,False,False,False,False,False,False
TS4-CD-37_2012-06-19_12323,False,gi-8189,16.406193196181846,True,True,False,False,False,False,False
TS4-CD-37_2012-06-19_12324,False,gi-8189,25.70856371657748,False,False,False,False,False,False,False
TS4-CD-37_2012-06-19_12325,False,gi-8189,16.6813282467509,True,True,False,False,False,False,False
TS4-CD-37_2012-06-19_12326,False,gi-8189,16.56621044808917,True,True,False,False,False,False,False
TS4-CD-37_2012-06-19_12327,False,gi-8189,16.670860303713564,True,True,False,False,False,False,False
TS4-CD-37_2012-06-19_12328,False,gi-8189,21.69708571328787,False,False,False,False,False,False,False
TS4-CD-37_2012-06-19_12329,False,gi-8189,19.833102916458678,True,False,False,False,False,False,False
TS4-CD-37_2012-06-19_12330,False,gi-8189,50.67240466937013,False,False,False,False,False,False,False
TS4-CD-37_2012-06-19_12332,False,gi-8189,17.335977495395177,True,True,False,False,False,False,False
TS4-CD-37_2012-06-19_12421,False,gi-8189,19.42326477880697,True,False,False,False,False,False,False
TS4-CD-37_2012-06-19_12422,True,gi-8189,15.926211320296641,True,True,True,False,False,False,False
TS4-CD-37_2012-06-19_12424,False,gi-8189,18.269773361108236,True,False,False,False,False,False,False
TS4-CD-37_2012-06-19_12540,False,gi-8189,18.71893653135883,True,False,False,False,False,False,False
TS4-CD-37_2012-06-19_12544,True,gi-8189,14.849504953351518,True,True,True,True,True,True,False
TS4-CD-37_2012-06-19_12545,True,gi-8189,15.070430463762545,True,True,True,True,True,False,False
TS4-CD-37_2012-06-19_12546,True,gi-8189,16.04814471822907,True,True,True,False,False,False,False
TS4-CD-37_2012-06-19_12548,True,gi-8189,14.966966409557642,True,True,True,True,True,False,False
TS4-CD-37_2012-06-19_12549,False,gi-8189,19.281222793213317,True,False,False,False,False,False,False
TS4-CD-37_2012-06-19_12551,True,gi-8189,15.21789595686397,True,True,True,True,True,False,False
